,City,CityID,Cloudiness,Country,Date,Humidity,Lat,Lng,Max Temp,Wind Speed
0,Dzhebariki-Khaya,2024626,97,RU,1567825408,66,62.22,135.8,51.38,4.18
1,Bredasdorp,1015776,0,ZA,1567825408,93,-34.53,20.04,57.0,3.36
2,Aleksandrov Gay,583345,96,RU,1567825409,54,50.14,48.57,62.77,5.77
3,Upernavik,3418910,0,GL,1567825409,64,72.79,-56.15,36.13,11.65
4,Hobart,2163355,75,AU,1567825201,76,-42.88,147.33,50.0,18.34
5,Pisco,3932145,40,PE,1567825368,82,-13.71,-76.2,61.0,12.75
6,Yellowknife,6185377,75,CA,1567825410,71,62.45,-114.38,50.0,9.17
7,Lagoa,2267254,0,PT,1567825410,78,37.14,-8.45,75.99,9.17
8,Saint George,262462,20,GR,1567825410,72,39.45,22.34,64.4,0.67
9,Kavaratti,1267390,40,IN,1567825410,78,10.57,72.64,82.4,9.17
10,Kaeo,2189343,5,NZ,1567825411,62,-35.1,173.78,62.01,8.99
11,Albany,5106834,90,US,1567825240,87,42.65,-73.75,62.6,11.41
12,Rikitea,4030556,0,PF,1567825411,62,-23.12,-134.97,65.33,31.72
13,Obihiro,2128815,75,JP,1567825344,83,42.92,143.2,69.8,1.12
14,Skjervoy,777682,100,NO,1567825412,80,70.03,20.97,46.53,14.9
15,Mataura,6201424,64,NZ,1567825412,68,-46.19,168.86,50.0,11.99
16,Karratha,6620339,0,AU,1567825412,26,-20.74,116.85,79.89,7.72
17,Katsuura,1865309,75,JP,1567825413,79,33.93,134.5,89.6,12.75
18,Hualmay,3939761,72,PE,1567825413,89,-11.1,-77.61,59.67,13.18
19,Coquimbo,3893629,75,CL,1567825413,93,-29.95,-71.34,51.8,4.7
20,Mar del Plata,3863379,2,AR,1567825414,81,-46.43,-67.52,37.52,3.49
21,Atuona,4020109,100,PF,1567825414,71,-9.8,-139.03,79.17,8.25
22,Marsh Harbour,3571913,67,BS,1567825414,87,26.54,-77.06,82.66,12.64
23,Savannah Bight,3601402,63,HN,1567825414,78,16.45,-85.85,84.15,14.63
24,Hami,1529484,52,CN,1567825414,17,42.84,93.51,80.52,6.02
25,Kodiak,4407665,1,US,1567825415,82,39.95,-94.76,69.01,6.93
26,Tasiilaq,3424607,100,GL,1567825415,80,65.61,-37.64,41.0,27.51
27,Geraldton,5960603,90,CA,1567825415,100,49.72,-86.95,53.6,3.36
28,East London,1006984,0,ZA,1567825343,86,-33.02,27.91,49.09,5.88
29,Cidreira,3466165,91,BR,1567825416,90,-30.17,-50.22,60.79,14.74
30,Banikoara,2395317,99,BJ,1567825416,96,11.3,2.44,73.16,4.21
31,Puerto Ayora,3652764,35,EC,1567825173,92,-0.74,-90.35,68.0,4.0
32,Opuwo,3354077,0,NA,1567825417,74,-18.06,13.84,54.45,1.23
33,Jamestown,2069194,100,AU,1567825303,64,-33.21,138.6,51.5,16.11
34,Vaini,1273574,90,IN,1567825417,94,15.34,74.49,71.6,11.41
35,Murygino,524243,99,RU,1567825417,88,58.74,49.46,53.01,4.68
36,Darhan,2031964,0,MN,1567825306,60,49.49,105.92,53.48,4.56
37,Butaritari,2110227,12,KI,1567825418,68,3.07,172.79,84.89,8.03
38,Bon Accord,5905348,90,CA,1567825419,77,53.84,-113.41,64.0,5.82
39,Hamilton,5969785,75,CA,1567825306,93,43.26,-79.87,62.01,4.7
40,Ushuaia,3833367,0,AR,1567825419,80,-54.81,-68.31,33.8,6.93
41,Saskylakh,2017155,99,RU,1567825419,84,71.97,114.09,42.79,5.57
42,Pontes e Lacerda,3453060,0,BR,1567825420,29,-15.23,-59.33,81.45,1.83
43,Inirida,3671450,59,CO,1567825420,93,3.87,-67.92,73.26,0.6
44,Dikson,1507390,100,RU,1567825420,94,73.51,80.55,42.72,29.82
45,Hermanus,3366880,0,ZA,1567825420,75,-34.42,19.24,66.0,8.01
46,Nikki,2392505,100,BJ,1567825421,95,9.94,3.21,71.21,7.49
47,Torbay,6167817,40,CA,1567825421,81,47.66,-52.73,55.0,11.41
48,Chokurdakh,2126123,99,RU,1567825421,82,70.62,147.9,44.28,1.34
49,Ouadda,236901,100,CF,1567825421,95,8.07,22.4,66.21,1.41
50,Dalkeith,2651587,75,GB,1567825422,93,55.89,-3.07,51.8,2.24
51,Shenjiamen,1795632,0,CN,1567825422,81,29.96,122.3,78.97,19.01
52,Wuning,7071576,18,CN,1567825422,62,29.26,120.23,89.01,1.01
53,Malatya,304922,0,TR,1567825279,32,38.35,38.32,69.8,4.7
54,Narsaq,3421719,100,GL,1567825423,46,60.91,-46.05,50.0,4.7
55,Iqaluit,5983720,75,CA,1567825423,81,63.75,-68.52,44.6,6.93
56,Talnakh,1490256,90,RU,1567825423,100,69.49,88.39,48.2,11.18
57,Bluff,2175403,0,AU,1567825424,21,-23.58,149.07,78.52,3.71
58,Saint-Philippe,6138908,1,CA,1567825424,82,45.36,-73.48,64.0,3.36
59,Tromso,3133895,100,NO,1567825424,87,69.65,18.96,44.6,9.17
60,Qaanaaq,3831208,0,GL,1567825424,63,77.48,-69.36,24.75,7.29
61,Kargasok,1504382,0,RU,1567825424,74,59.06,80.87,52.89,6.17
62,Luderitz,3355672,0,NA,1567825425,93,-26.65,15.16,53.6,10.29
63,Kaitangata,2208248,91,NZ,1567825166,52,-46.28,169.85,50.0,8.01
64,Port Alfred,964432,0,ZA,1567825425,89,-33.59,26.89,50.0,4.0
65,Faya,110690,0,SA,1567825425,32,18.39,42.45,71.6,5.3
66,El Paso,5520993,20,US,1567825210,29,31.76,-106.49,89.6,5.82
67,Warrington,2634739,40,GB,1567825426,87,53.39,-2.59,57.2,13.87
68,Hilo,5855927,20,US,1567825426,62,19.71,-155.08,84.2,8.05
69,Ponta do Sol,3453439,72,BR,1567825426,87,-20.63,-46.0,63.26,8.57
70,Punta Arenas,3874787,20,CL,1567825427,100,-53.16,-70.91,32.0,9.17
71,Capelinha,3467305,35,BR,1567825427,97,-17.69,-42.52,59.58,3.13
72,Thinadhoo,1337610,100,MV,1567825427,76,0.53,72.93,82.97,11.45
73,Harper,4696310,40,US,1567825427,45,30.3,-99.24,82.99,10.6
74,Saint-Augustin,6138501,90,CA,1567825428,77,45.63,-73.98,64.0,3.36
75,Busselton,2075265,52,AU,1567825428,47,-33.64,115.35,64.99,1.86
76,Vestmannaeyjar,3412093,100,IS,1567825428,92,63.44,-20.27,50.78,26.93
77,Lebu,344979,80,ET,1567825429,87,8.96,38.73,53.5,2.1
78,Agadez,2448085,33,NE,1567825429,31,16.97,7.99,92.92,3.8
79,New Norfolk,2155415,75,AU,1567825429,76,-42.78,147.06,50.0,18.34
81,Linqiong,1803365,75,CN,1567825430,94,30.42,103.46,73.4,1.28
82,Bitung,1648636,20,ID,1567825430,46,1.44,125.19,91.4,4.7
83,Castro,3896218,20,CL,1567825430,100,-42.48,-73.76,42.8,2.24
84,Cape Town,3369157,0,ZA,1567825222,81,-33.93,18.42,68.0,5.82
85,Fairview,5951036,90,CA,1567825431,63,56.07,-118.38,60.8,5.82
86,Dagana,2246550,100,MR,1567825431,67,16.52,-15.51,83.47,10.04
87,Sur,286245,98,OM,1567825431,37,22.57,59.53,88.26,6.38
88,Port Elizabeth,4501427,90,US,1567825431,77,39.31,-74.98,63.0,12.75
89,Cherskiy,2126199,93,RU,1567825432,57,68.75,161.3,43.4,7.99
90,Laguna,3581398,90,BZ,1567825432,94,16.17,-88.94,77.0,2.28
91,Mathathane,933383,57,BW,1567825432,80,-22.27,28.75,54.67,14.32
92,Century Village,4150524,90,US,1567825433,74,26.71,-80.13,86.0,7.65
93,Jiuquan,1280957,0,CN,1567825433,36,39.73,98.49,72.99,13.29
94,Padang,1633419,74,ID,1567825393,81,-0.92,100.36,80.66,12.28
95,Codrington,2160063,90,AU,1567825433,14,-28.95,153.24,77.0,14.99
96,Tuktoyaktuk,6170031,20,CA,1567825434,67,69.44,-133.03,60.8,8.05
97,Qaqortoq,3420846,100,GL,1567825434,46,60.72,-46.03,50.0,4.7
98,Mildura,2157698,40,AU,1567825434,44,-34.18,142.16,60.01,17.22
99,Cabo San Lucas,3985710,40,MX,1567825376,65,22.89,-109.91,84.0,3.36
100,Clyde River,5924351,90,CA,1567825434,86,70.47,-68.59,37.4,23.04
101,Khowai,1266649,40,IN,1567825435,66,24.08,91.6,89.6,5.82
102,Diveyevo,566165,20,RU,1567825435,88,55.04,43.25,54.11,3.69
103,Kavieng,2094342,100,PG,1567825435,76,-2.57,150.8,81.31,13.78
104,Mahebourg,934322,40,MU,1567825436,94,-20.41,57.7,71.01,4.7
105,Beloha,1067565,100,MG,1567825436,67,-25.17,45.06,59.73,20.56
106,Taoudenni,2450173,11,ML,1567825436,29,22.68,-3.98,90.87,15.9
107,Antibes,3037456,0,FR,1567825437,77,43.58,7.11,63.0,8.05
108,Saldanha,2737599,0,PT,1567825437,59,41.42,-6.55,54.63,5.7
109,Kapaa,5848280,20,US,1567825193,66,22.08,-159.32,89.6,17.22
110,Alofi,4036284,75,NU,1567825437,65,-19.06,-169.92,77.0,16.11
111,Georgetown,3378644,40,GY,1567825438,83,6.8,-58.16,75.2,6.93
112,Aklavik,5882953,20,CA,1567825438,48,68.22,-135.01,62.6,5.82
113,Waingapu,1622318,0,ID,1567825438,57,-9.65,120.26,82.16,14.14
114,Kosh-Agach,1502422,99,RU,1567825438,46,49.99,88.66,50.46,4.36
115,Arraial do Cabo,3471451,86,BR,1567825439,81,-22.97,-42.02,66.21,17.63
116,Barra,3470821,14,BR,1567825413,57,-11.09,-43.14,73.14,11.81
117,Belomorsk,577922,59,RU,1567825439,88,64.52,34.76,46.64,7.81
118,Bambous Virieux,1106677,40,MU,1567825174,94,-20.34,57.76,71.01,4.7
119,Touros,3386213,20,BR,1567825440,88,-5.2,-35.46,71.6,6.93
120,North Bend,5742974,90,US,1567825440,93,43.41,-124.22,66.2,7.07
121,Poya,2138522,0,NC,1567825440,66,-21.35,165.16,70.24,8.79
122,Peniche,2264923,0,PT,1567825440,33,39.36,-9.38,71.6,6.93
123,Abu Samrah,172515,0,SY,1567825441,91,35.3,37.18,67.67,9.89
124,Faanui,4034551,3,PF,1567825441,72,-16.48,-151.75,75.08,21.07
125,Inhambane,1045114,0,MZ,1567825442,79,-23.87,35.38,55.55,6.55
126,Amga,2027786,75,RU,1567825442,63,60.89,131.98,54.69,8.28
127,Yugorsk,1502725,0,RU,1567825442,75,61.32,63.33,51.05,2.77
128,Tabou,2281120,100,CI,1567825267,94,4.42,-7.36,75.48,4.72
129,Kieta,2094027,100,PG,1567825443,65,-6.22,155.63,82.82,3.15
130,Kavarskas,598304,4,LT,1567825443,87,55.43,24.93,46.64,4.0
131,Sinnamary,3380290,61,GF,1567825444,82,5.38,-52.96,81.4,13.53
132,Siparia,3573681,20,TT,1567825444,83,10.14,-61.51,79.0,4.7
133,Rio Gallegos,3838859,20,AR,1567825280,100,-51.62,-69.22,28.4,3.36
134,Gushikawa,1863495,90,JP,1567825445,83,26.35,127.87,86.0,13.87
135,Tutoia,3385899,4,BR,1567825445,89,-2.76,-42.27,73.77,5.84
136,Longyearbyen,2729907,75,NO,1567825445,74,78.22,15.63,33.8,9.17
137,Lianzhou,1803841,60,CN,1567825445,53,24.79,112.38,85.94,2.66
138,Beringovskiy,2126710,17,RU,1567825446,67,63.05,179.32,51.36,5.75
139,Kathmandu,1283240,75,NP,1567825217,88,27.71,85.32,73.4,3.36
140,Capiibary,3439208,100,PY,1567825446,52,-24.8,-56.03,79.76,8.43
141,Deep River,5937073,90,CA,1567825446,93,46.1,-77.49,57.2,3.53
142,Grindavik,3416888,75,IS,1567825447,93,63.84,-22.43,51.8,28.86
143,Mandan,5690366,90,US,1567825447,72,46.83,-100.89,64.4,9.17
144,Khatanga,2022572,77,RU,1567825447,82,71.98,102.47,48.3,10.38
145,Henties Bay,3356832,0,NA,1567825448,89,-22.12,14.28,57.0,1.99
146,Troitskoye,1489209,100,RU,1567825448,76,52.98,84.68,58.81,3.53
147,Soe,587876,20,EE,1567825448,100,57.91,26.05,48.99,2.24
148,Vilhena,3924679,0,BR,1567825170,37,-12.74,-60.15,82.61,6.2
149,Sovetskiy,490040,63,RU,1567825449,92,56.76,48.47,51.68,4.99
150,Maxixe,1039536,0,MZ,1567825449,79,-23.86,35.35,55.55,6.55
151,Hasaki,2112802,40,JP,1567825449,62,35.73,140.83,89.6,6.93
152,Itarema,3393692,41,BR,1567825450,75,-2.92,-39.92,77.55,10.33
153,Marasu,1270239,100,IN,1567825450,97,12.97,75.97,70.42,3.78
154,Kyela,156111,0,MW,1567825450,94,-9.6,33.87,56.04,4.21
155,Fort Nelson,5955902,90,CA,1567825361,67,58.81,-122.69,57.2,6.93
156,Avarua,4035715,1,CK,1567825451,73,-21.21,-159.78,77.0,18.34
157,San Patricio,3437029,0,PY,1567825451,71,-26.98,-56.83,71.97,9.13
158,Mahanoro,1062553,3,MG,1567825451,98,-19.9,48.8,62.23,3.36
159,Ketchikan,5554428,90,US,1567825452,77,55.34,-131.65,62.6,13.87
160,Gizo,6693679,20,IL,1567825452,78,31.8,34.94,75.2,4.7
161,Yilan,2038572,100,CN,1567825452,99,43.11,129.52,68.08,3.24
162,Dali,1814092,19,CN,1567825452,42,34.79,109.94,81.81,5.99
163,Tottori,1849892,40,JP,1567825453,52,35.5,134.23,91.4,14.99
164,Totness,4589590,1,US,1567825453,94,33.74,-80.8,80.6,5.12
165,Aguas Formosas,3472864,100,BR,1567825453,96,-17.08,-40.94,63.96,7.54
166,Rawson,3839307,100,AR,1567825453,68,-43.3,-65.11,44.64,14.74
167,Praya,1630662,40,ID,1567825454,61,-8.71,116.27,82.4,16.11
168,Dukat,3184575,4,AL,1567825454,90,40.25,19.57,72.0,5.14
169,Chapais,5919850,1,CA,1567825454,81,49.78,-74.86,46.4,4.7
170,Beyneu,610298,15,KZ,1567825455,32,45.32,55.19,63.78,4.45
171,Klaksvik,2618795,78,FO,1567825455,75,62.23,-6.59,42.8,4.7
172,Belyy Yar,1510377,0,RU,1567825455,66,53.6,91.39,55.4,6.71
173,Saint-Louis,2246452,0,SN,1567825456,94,16.03,-16.5,78.8,4.7
174,Aykhal,2027296,90,RU,1567825456,81,65.95,111.51,44.6,8.95
175,Ambulu,1621313,1,ID,1567825456,92,-8.35,113.61,72.96,15.5
176,Sao Filipe,3374210,45,CV,1567825456,85,14.9,-24.5,80.93,13.06
177,Hastings,2190224,100,NZ,1567825457,56,-39.64,176.84,52.69,9.78
178,Honningsvag,779554,100,NO,1567825457,80,70.98,25.97,44.75,23.35
179,Pangnirtung,6096551,0,CA,1567825457,65,66.15,-65.72,33.18,3.67
180,Orange Cove,5379533,0,US,1567825457,33,36.62,-119.31,96.8,9.53
181,Bukoba,160961,56,TZ,1567825458,70,-1.33,31.81,65.72,1.48
182,Nanortalik,3421765,100,GL,1567825458,82,60.14,-45.24,44.73,8.1
183,Port Lincoln,2063036,100,AU,1567825458,70,-34.72,135.86,54.11,18.84
184,Watsa,204283,94,CD,1567825458,97,3.04,29.53,61.62,1.61
185,Bojonegoro,1648451,39,ID,1567825459,45,-7.15,111.88,85.61,7.07
186,Poum,787487,75,MK,1567825459,82,41.28,20.71,60.8,9.17
187,Victoria,1733782,75,BN,1567825459,79,5.28,115.24,89.6,2.24
188,Esperance,2071860,0,AU,1567825459,42,-33.86,121.89,62.6,9.17
189,Tabas,113659,0,IR,1567825324,23,33.6,56.92,77.0,2.24
190,Tabat,1650064,0,ID,1567825460,38,-2.64,115.23,98.79,0.76
191,Tateyama,1849876,40,JP,1567825461,41,36.66,137.31,95.0,9.17
192,Tiksi,2015306,100,RU,1567825461,79,71.64,128.87,40.2,9.15
193,Machiques,3633444,99,VE,1567825461,95,10.06,-72.55,57.66,3.53
194,Saint-Francois,2980080,100,FR,1567825176,75,46.42,3.91,46.4,2.24
195,Dingle,1714733,27,PH,1567825462,64,11.0,122.67,87.41,12.91
196,Dale,1805323,0,CN,1567825462,57,24.09,109.99,90.51,0.67
197,Magistralnyy,2020584,100,RU,1567825462,96,56.17,107.45,39.78,4.45
198,Severo-Kurilsk,2121385,0,RU,1567825463,88,50.68,156.12,51.2,15.61
199,Yangambi,203717,73,CD,1567825463,96,0.77,24.47,69.66,1.86
200,Gigmoto,1712961,100,PH,1567825463,76,13.78,124.39,85.09,13.78
201,Santa Fe,3836277,60,AR,1567825463,74,-31.62,-60.7,57.99,1.99
202,Lavrentiya,4031637,91,RU,1567825464,69,65.58,-170.99,49.95,5.14
203,Ko Samui,1154689,20,TH,1567825291,66,9.54,99.94,89.6,6.93
204,Cap Malheureux,934649,40,MU,1567825464,94,-19.98,57.61,71.01,4.7
205,Nikolskoye,546105,0,RU,1567825464,93,59.7,30.79,48.2,4.47
206,Nortelandia,3456248,4,BR,1567825465,26,-14.45,-56.8,79.46,5.19
207,Pevek,2122090,100,RU,1567825465,88,69.7,170.27,38.99,9.78
208,Sorland,3137469,92,NO,1567825465,71,67.67,12.69,48.87,8.08
209,Waipawa,2185329,100,NZ,1567825466,59,-39.94,176.59,55.99,7.0
210,Barrow,3833859,100,AR,1567825466,91,-38.31,-60.23,45.0,9.44
211,Deqing,1812981,75,CN,1567825466,62,30.54,119.97,87.01,8.95
212,Thongwa,1291193,75,MM,1567825467,83,16.76,96.52,80.6,6.93
213,Kikwit,2314705,8,CD,1567825467,66,-5.04,18.82,76.95,1.92
214,Matveyev Kurgan,528495,58,RU,1567825467,48,47.57,38.86,62.25,9.48
215,Sumbe,3346015,0,AO,1567825467,92,-11.2,13.84,70.47,7.49
216,Bowen,2174444,0,AU,1567825467,16,-20.01,148.25,87.8,10.29
217,Santa Rosalia,2523920,20,IT,1567825468,68,38.07,13.27,72.0,11.41
218,Morros,3398381,0,BR,1567825468,88,-2.87,-44.04,78.8,4.7
219,Kruisfontein,986717,5,ZA,1567825468,68,-34.0,24.73,52.4,7.31
220,Richards Bay,962367,75,ZA,1567825469,64,-28.77,32.06,65.42,14.63
221,Tessalit,2449893,62,ML,1567825469,17,20.2,1.01,92.97,8.72
222,Goreloye,560138,23,RU,1567825469,81,52.92,41.5,52.82,3.67
223,Bonthe,2409914,99,SL,1567825469,92,7.53,-12.5,75.8,5.66
224,Pangody,1495626,96,RU,1567825470,76,65.85,74.49,56.29,10.49
225,Port-Gentil,2396518,67,GA,1567825470,86,-0.72,8.78,75.96,15.77
226,Muisne,3653967,39,EC,1567825470,81,0.61,-80.02,73.1,11.21
227,Nueva Loja,3655185,97,EC,1567825471,96,0.08,-76.88,69.68,1.68
228,Rio Grande,3451138,100,BR,1567825471,95,-32.03,-52.1,59.0,5.99
229,Ostrovnoy,556268,0,RU,1567825471,81,68.05,39.51,45.71,21.63
230,Gasa,1252578,100,BT,1567825471,79,27.91,89.73,43.37,4.61
231,Leshukonskoye,535839,91,RU,1567825472,90,64.9,45.76,54.49,7.9
232,Dunedin,2191562,79,NZ,1567825334,51,-45.87,170.5,51.01,15.01
233,Norman Wells,6089245,20,CA,1567825472,67,65.28,-126.83,59.0,8.05
234,Saint Anthony,5606187,1,US,1567825472,72,43.97,-111.68,64.4,8.05
235,Bara,2347758,100,NG,1567825473,91,10.41,10.6,73.32,2.17
236,Bandarbeyla,64814,4,SO,1567825473,68,9.49,50.81,76.29,23.82
237,Port Hedland,2063042,19,AU,1567825473,50,-20.31,118.58,78.8,4.7
238,Santa Maria del Oro,3984078,100,MX,1567825473,78,25.95,-105.37,67.38,4.54
239,Orlik,3102488,0,PL,1567825474,100,53.95,17.74,48.99,2.24
240,Matara,425378,27,BI,1567825474,63,-3.48,29.48,52.71,1.52
241,Tuatapere,2180815,75,NZ,1567825475,68,-46.13,167.69,50.0,11.99
242,Forlimpopoli,3176743,41,IT,1567825475,88,44.19,12.12,63.0,9.17
243,Haines Junction,5969025,1,CA,1567825475,49,60.75,-137.51,54.99,3.38
244,Hithadhoo,1282256,67,MV,1567825475,75,-0.6,73.08,83.36,14.12
245,Port Macquarie,2152659,0,AU,1567825476,20,-31.43,152.91,75.99,19.46
246,Benguela,3351663,20,AO,1567825476,91,-12.58,13.4,69.83,10.96
247,Thompson,6165406,40,CA,1567825477,93,55.74,-97.86,44.6,3.36
248,Pedernales,3653307,74,EC,1567825477,82,0.07,-80.05,71.97,13.49
249,Motygino,1498314,0,RU,1567825477,42,58.18,94.69,56.34,2.84
250,Praia,3460954,0,BR,1567825478,68,-20.25,-43.81,66.2,10.29
251,Lokosovo,1500399,92,RU,1567825478,77,61.13,74.84,51.97,3.87
252,Hirado,1862555,90,JP,1567825478,100,33.32,129.49,80.6,25.28
253,Buluang,1717512,75,PH,1567825478,55,10.47,123.98,87.8,14.99
254,Urcos,3926462,97,PE,1567825479,50,-13.69,-71.62,51.8,5.82
255,Aras,3129839,73,ES,1567825479,81,42.56,-2.36,54.0,8.05
256,Eirunepe,3664321,100,BR,1567825479,94,-6.66,-69.87,72.62,2.35
257,Turukhansk,1488903,99,RU,1567825480,78,65.8,87.96,53.84,5.06
258,Divo,2289887,100,CI,1567825480,98,5.83,-5.36,71.84,2.51
259,Christchurch,2192362,20,NZ,1567825480,53,-43.53,172.64,55.99,8.05
260,Yar-Sale,1486321,9,RU,1567825480,76,66.83,70.83,56.04,12.06
261,Tilichiki,2120591,100,RU,1567825481,80,60.47,166.1,49.76,1.39
262,Taiyuan,1793511,0,CN,1567825482,33,37.86,112.56,77.0,2.24
263,Belaya Gora,2126785,26,RU,1567825482,51,68.54,146.19,51.36,4.03
264,Port Hardy,6111862,40,CA,1567825482,82,50.7,-127.42,60.8,4.7
265,Leningradskiy,2123814,32,RU,1567825482,79,69.38,178.42,44.93,5.7
266,Nuuk,3421319,98,GL,1567825483,93,64.17,-51.74,42.8,5.21
267,Coffs Harbour,2171085,0,AU,1567825483,30,-30.3,153.13,75.2,10.29
268,Vostok,2013279,100,RU,1567825483,81,46.45,135.83,71.37,2.46
269,Riyadh,108410,0,SA,1567825448,23,24.63,46.72,84.2,2.24
270,Boda,2388614,99,CF,1567825484,95,4.32,17.47,67.54,2.26
271,Kasane,933677,0,BW,1567825484,41,-17.8,25.16,63.18,15.61
272,Dezful,136256,0,IR,1567825485,22,32.38,48.4,80.25,4.14
273,Bethel,5880568,90,US,1567825485,82,60.79,-161.76,57.2,11.41
274,Celestun,3531368,0,MX,1567825485,79,20.87,-90.4,83.34,14.0
275,Yatou,2225940,75,CM,1567825485,100,3.63,9.81,75.2,2.24
276,Ribeira Grande,3372707,9,PT,1567825486,69,38.52,-28.7,69.66,8.86
277,Sangar,2017215,100,RU,1567825486,75,63.92,127.47,51.43,6.51
278,Veraval,3031871,44,FR,1567825487,93,49.65,0.71,60.8,4.7
279,Karaj,128747,0,IR,1567825487,28,35.81,51.01,73.4,3.38
280,Yuma,5322053,1,US,1567825487,26,32.73,-114.62,104.0,4.7
281,Sokolac,3190385,40,BA,1567825488,100,43.94,18.8,57.2,2.24
282,Mangrol,1263751,3,IN,1567825488,70,25.33,76.51,86.42,3.53
283,Shache,1280037,67,CN,1567825488,92,38.42,77.24,63.0,4.43
284,Airai,1651810,0,TL,1567825489,52,-8.93,125.41,81.62,7.18
285,Kahului,5847411,40,US,1567825319,58,20.89,-156.47,84.2,20.8
286,Sandomierz,759603,0,PL,1567825489,100,50.68,21.75,55.99,2.24
287,Lorengau,2092164,52,PG,1567825489,71,-2.02,147.27,83.18,11.16
288,Galesong,1644605,20,ID,1567825490,46,-5.32,119.37,89.6,9.17
289,Fairbanks,5861897,1,US,1567825232,42,64.84,-147.72,64.4,1.81
290,Ashqelon,295620,20,IL,1567825490,78,31.67,34.57,75.2,4.7
291,La Ronge,6050066,75,CA,1567825491,93,55.1,-105.3,48.2,3.47
292,Sherlovaya Gora,2016735,100,RU,1567825491,92,50.53,116.31,54.76,11.74
293,Flinders,6255012,0,AU,1567825491,30,-34.58,150.85,64.0,28.86
294,Kyabe,2429344,98,TD,1567825491,98,9.45,18.94,71.12,2.77
295,Nalut,2214433,2,LY,1567825492,90,31.86,10.98,65.97,18.84
296,Quatre Cocos,1106643,40,MU,1567825288,94,-20.21,57.76,71.01,4.7
297,Chuy,3443061,100,UY,1567825492,97,-33.69,-53.46,54.6,13.11
298,Srikakulam,1255647,100,IN,1567825492,87,18.29,83.89,78.47,3.06
299,Moerai,4034188,0,PF,1567825493,68,-22.43,-151.33,67.59,18.1
300,Santa Vitoria do Palmar,3449747,100,BR,1567825352,97,-33.52,-53.37,56.58,9.4
301,San Joaquin,1689597,5,PH,1567825332,70,10.59,122.14,85.34,9.37
302,Uige,2236568,94,AO,1567825493,87,-7.61,15.06,69.97,2.71
303,Eenhana,3357804,91,NA,1567825494,14,-17.48,16.34,77.0,5.82
304,Callaway,5024237,1,US,1567825494,77,46.98,-95.91,61.0,6.06
305,Sobolevo,525426,63,RU,1567825494,94,54.43,31.9,51.16,5.88
306,Verkhoturye,1487219,11,RU,1567825495,90,58.86,60.81,47.87,1.92
307,Yulara,6355222,0,AU,1567825495,16,-25.24,130.99,69.8,13.87
308,Manaure,3675504,0,CO,1567825495,87,11.78,-72.45,81.72,15.84
309,Masallatah,2215163,0,LY,1567825495,89,32.62,14.0,68.55,4.72
310,Bontang,1648186,65,ID,1567825496,62,0.12,117.47,87.03,3.47
311,Elk Point,5947754,90,CA,1567825496,63,53.9,-110.9,60.8,3.36
312,Uyemskiy,477579,0,RU,1567825496,100,64.47,40.85,51.8,4.47
313,Maloye Verevo,530480,0,RU,1567825496,93,59.61,30.17,48.2,4.47
314,Awjilah,88533,0,LY,1567825497,61,29.14,21.3,74.22,5.79
315,Los Llanos de Aridane,2514651,40,ES,1567825485,68,28.66,-17.92,71.6,4.7
316,Bondo,218253,100,CD,1567825497,96,3.81,23.69,69.18,0.85
317,Provideniya,4031574,85,RU,1567825497,67,64.42,-173.23,50.06,8.03
318,Owando,2255542,77,CG,1567825498,88,-0.49,15.91,71.75,2.59
319,Bloemfontein,1018725,0,ZA,1567825498,81,-29.12,26.22,46.4,4.7
320,Yumen,1528998,0,CN,1567825499,28,40.29,97.04,78.0,18.72
321,Machakos,188492,75,KE,1567825266,87,-1.52,37.27,62.6,5.28
322,Jacareacanga,3397763,12,BR,1567825499,82,-6.22,-57.76,74.09,0.92
323,Trincomalee,1226260,90,LK,1567825449,62,8.58,81.23,84.32,11.03
324,Kendari,1640344,11,ID,1567825499,51,-3.99,122.52,86.94,6.69
325,Yaan,2338660,63,NG,1567825500,92,7.38,8.57,74.2,4.88
326,Qena,350550,0,EG,1567825501,44,26.16,32.72,80.6,4.81
327,Sitka,4267710,0,US,1567825501,79,37.17,-99.65,77.0,8.99
328,Hohhot,2036892,0,CN,1567825501,33,40.81,111.65,77.0,4.47
329,Lubango,3347762,68,AO,1567825501,90,-14.92,13.49,63.89,1.43
330,Tura,2014833,0,RU,1567825502,62,64.27,100.22,54.44,5.14
331,Margate,2158744,75,AU,1567825502,76,-43.03,147.26,50.0,18.34
332,Puri,1635111,72,ID,1567825503,40,-7.54,112.45,88.78,10.27
333,Bathsheba,3374083,20,BB,1567825503,94,13.22,-59.52,77.0,4.7
334,Koslan,544084,6,RU,1567825280,95,63.46,48.9,49.47,7.52
335,Eyl,60019,63,SO,1567825504,69,7.98,49.82,74.6,29.91
336,Bako,2360627,57,BF,1567825504,88,12.29,-0.73,75.59,8.32
337,Osypenko,699329,0,UA,1567825506,76,48.04,34.39,61.0,8.95
338,Santiago,1687801,100,PH,1567825506,56,16.69,121.54,90.42,1.54
339,Ancud,3899695,20,CL,1567825506,100,-41.87,-73.83,42.8,2.24
340,Solone,693231,0,UA,1567825507,76,48.2,34.88,61.0,8.95
341,Ossora,2122389,100,RU,1567825507,96,59.24,163.07,50.78,3.94
342,Svetlogorsk,584051,75,RU,1567825507,93,53.14,59.15,46.4,6.71
343,Honiara,2108502,75,SB,1567825508,62,-9.43,159.96,87.8,9.17
344,Tricase,2522857,5,IT,1567825508,94,39.93,18.36,69.8,2.24
345,Natal,3394023,20,BR,1567825508,88,-5.81,-35.21,71.6,6.93
346,Baiao,3406844,13,BR,1567825284,95,-2.79,-49.67,72.22,2.89
347,Gobabis,3357247,0,NA,1567825509,36,-22.45,18.97,64.4,6.93
348,Ardon,581179,90,RU,1567825509,87,43.18,44.31,60.8,5.37
349,Simpang,6705237,23,ID,1567825510,70,4.36,96.17,84.08,4.18
350,Cayenne,3382160,0,GF,1567825510,88,4.94,-52.33,78.8,5.1
351,George Town,1735106,75,MY,1567825248,66,5.42,100.33,87.8,6.93
352,Santa Rosa,3835994,20,AR,1567825510,95,-36.62,-64.29,40.43,7.27
353,Port Blair,1259385,100,IN,1567825315,82,11.67,92.75,81.92,21.41
354,Jaguarao,3460232,100,BR,1567825230,98,-32.57,-53.38,58.13,6.58
355,Snyder,5530921,1,US,1567825511,42,32.72,-100.92,84.0,6.93
356,Changde,1791121,0,CN,1567825511,54,29.04,111.68,85.74,3.8
357,Gamba,1281256,45,CN,1567825512,58,28.28,88.52,47.02,4.56
358,Shimoda,1852357,75,JP,1567825512,83,34.7,138.93,86.0,12.75
359,Itapipoca,3397909,18,BR,1567825512,84,-3.5,-39.58,73.26,3.49
360,Bay Roberts,5895424,40,CA,1567825512,81,47.58,-53.28,55.0,11.41
361,Puerto Escondido,3520994,40,MX,1567825513,65,15.86,-97.07,82.4,3.53
362,Guiyang,1809461,40,CN,1567825513,61,26.58,106.71,82.4,13.42
363,Uray,1488429,70,RU,1567825513,77,60.13,64.8,52.92,2.3
364,Gvarv,3154441,100,NO,1567825514,100,59.39,9.18,52.0,1.12
365,Smirnykh,2121126,48,RU,1567825514,64,49.74,142.83,70.13,7.11
366,Valle de Allende,3980627,100,MX,1567825514,70,26.94,-105.39,70.26,8.19
367,Guerrero Negro,4021858,16,MX,1567825514,83,27.97,-114.04,71.79,17.56
368,Sioux Lookout,6148373,20,CA,1567825515,76,50.1,-91.92,57.2,5.82
369,Borovoy,572091,100,RU,1567825515,87,63.23,52.89,55.23,7.49
370,Broome,2656067,0,GB,1567825516,93,52.47,1.45,51.01,5.82
371,Mount Isa,2065594,6,AU,1567825516,16,-20.73,139.49,75.2,9.17
372,Armidale,2177671,0,AU,1567825516,30,-30.51,151.67,52.0,10.0
373,Mwene-Ditu,207570,9,CD,1567825517,62,-7.01,23.45,71.54,2.37
374,Bassano,5894642,100,CA,1567825517,91,50.79,-112.47,60.01,5.01
375,Vardo,4372777,1,US,1567825517,88,39.62,-77.74,68.0,3.89
376,Karpogory,552256,74,RU,1567825518,97,64.0,44.44,53.32,6.73
377,Baloda,1277533,85,IN,1567825518,76,22.15,82.48,83.94,1.81
378,Nantucket,4944903,90,US,1567825508,93,41.28,-70.1,63.0,21.92
379,San Cristobal,3609418,89,HN,1567825519,79,14.68,-86.92,68.64,2.46
380,Fortuna,5563839,90,US,1567825519,93,40.6,-124.16,61.0,9.17
381,Xuddur,49747,99,SO,1567825519,74,4.12,43.89,71.34,21.59
382,Luis Correia,3396121,0,BR,1567825520,81,-2.88,-41.67,76.59,8.52
383,Siocon,1724435,61,PH,1567825520,61,11.03,124.04,87.77,8.05
384,Pimentel,3389609,0,BR,1567825520,86,-3.7,-45.5,74.25,3.51
385,Longkou,1802550,100,CN,1567825521,82,37.64,120.47,75.75,25.43
386,Casa Branca,3466824,0,BR,1567825249,88,-21.77,-47.09,62.6,6.93
387,Portobelo,3702577,40,PA,1567825521,88,9.55,-79.65,78.8,2.8
388,Maceio,3395981,40,BR,1567825522,88,-9.67,-35.74,73.4,5.82
389,Kiunga,2093846,80,PG,1567825522,66,-6.12,141.3,82.89,2.13
390,Deputatskiy,2028164,100,RU,1567825522,87,69.3,139.9,39.12,4.76
391,Acajutla,3587498,17,SV,1567825494,76,13.59,-89.83,83.79,9.19
392,Carnarvon,1014034,0,ZA,1567825523,40,-30.97,22.13,54.06,13.18
393,Nemuro,2128975,75,JP,1567825523,69,43.32,145.57,73.4,9.17
394,Viedma,3832899,100,AR,1567825524,94,-40.81,-62.99,44.55,7.34
395,Darlawn,1273463,82,IN,1567825524,68,24.02,92.93,86.42,1.28
396,La Paz,4000900,40,MX,1567825340,55,24.15,-110.32,87.8,6.93
397,Labuhan,1641899,0,ID,1567825525,45,-2.54,115.51,92.74,3.29
398,Caravelas,3466980,100,BR,1567825525,80,-17.73,-39.27,72.31,15.32
399,Iskateley,866062,100,RU,1567825525,89,67.68,53.15,51.27,16.82
400,Yalvac,297789,0,TR,1567825526,82,38.3,31.18,54.36,1.74
401,Tikrit,90150,0,IQ,1567825526,31,34.62,43.68,79.67,10.87
402,Mugur-Aksy,1498283,48,RU,1567825526,60,50.38,90.44,42.97,4.5
403,Balaghat,1277661,45,IN,1567825527,90,21.81,80.19,80.54,6.38
404,Bilma,2446796,77,NE,1567825527,30,18.69,12.92,93.51,20.11
405,Husavik,5961417,28,CA,1567825527,76,50.56,-96.99,57.99,3.0
406,Vaitape,4033077,3,PF,1567825528,72,-16.52,-151.75,75.08,21.07
407,Sabang,1726279,39,PH,1567825528,76,13.8,121.11,87.01,4.0
408,Jabinyanah,2470260,0,TN,1567825528,60,35.03,10.91,70.49,13.91
409,Nyurba,2018735,100,RU,1567825529,87,63.29,118.35,48.89,7.54
410,Moutier,2659568,75,CH,1567825530,93,47.28,7.37,54.0,4.36
411,Loandjili,2258378,75,CG,1567825530,94,-4.77,11.87,75.2,5.82
412,Ostrogozhsk,514198,100,RU,1567825531,56,50.86,39.08,56.42,3.15
413,Merrill,5572979,1,US,1567825531,29,42.03,-121.6,77.0,12.75
414,Ilulissat,3423146,81,GL,1567825531,69,69.22,-51.1,35.6,1.12
415,Gat,2249901,20,SN,1567825531,94,14.69,-16.54,78.8,2.24
416,Vila Franca do Campo,3372472,75,PT,1567825532,68,37.72,-25.43,68.0,11.41
417,Bam,141736,0,IR,1567825532,17,29.11,58.36,71.93,2.44
418,Houma,1784874,0,CN,1567825533,31,35.63,111.36,84.77,8.05
419,Baykit,1510689,57,RU,1567825533,64,61.68,96.39,52.19,5.84
420,Nome,4732862,1,US,1567825533,74,30.04,-94.42,87.01,3.36
421,Ust-Barguzin,2013986,22,RU,1567825534,75,53.41,109.03,51.47,4.81
422,Kuytun,2021093,98,RU,1567825534,87,54.34,101.51,42.52,8.88
423,Aqtobe,610611,0,KZ,1567825535,87,50.28,57.21,42.8,2.24
424,Ramhormoz,118826,0,IR,1567825535,26,31.28,49.6,82.4,6.93
425,Sidi Ali,2487130,62,DZ,1567825535,73,36.1,0.42,76.0,10.29
426,Grand Gaube,934479,40,MU,1567825536,94,-20.01,57.66,71.01,4.7
427,Isangel,2136825,40,VU,1567825536,47,-19.55,169.27,80.6,11.41
428,Cuamba,1047660,87,MZ,1567825536,74,-14.8,36.54,64.34,9.51
429,Lethem,3379316,0,GY,1567825537,66,3.38,-59.8,81.92,3.83
430,Maragogi,3395458,0,BR,1567825346,94,-9.01,-35.22,67.22,4.18
431,Srisailam,1255621,100,IN,1567825433,87,16.07,78.87,76.05,11.41
432,Fort Washington,4355355,40,US,1567825433,93,38.71,-77.01,66.99,4.52
433,Ladario,2732265,0,PT,1567825538,61,40.7,-7.74,70.0,7.0
434,Portland,4975802,90,US,1567825222,67,43.66,-70.25,59.0,13.87
435,Paysandu,3441243,100,UY,1567825538,95,-32.32,-58.08,53.5,4.83
436,Santa Rosa del Sur,3792379,100,CO,1567825539,96,7.96,-74.05,73.01,1.77
437,Okhotsk,2122605,100,RU,1567825539,35,59.36,143.24,60.83,2.19
438,Rome,6539761,0,IT,1567825271,72,41.89,12.48,66.2,5.82
439,Zuenoula,2279172,99,CI,1567825539,98,7.43,-6.04,71.07,4.65
440,Altea,2521804,40,ES,1567825540,73,38.6,-0.05,75.2,6.93
441,Zhangjiakou,2033196,0,CN,1567825540,30,40.77,114.88,73.39,1.99
442,Phetchabun,1607737,40,TH,1567825540,83,16.42,101.16,80.6,8.05
443,Arman,2127060,43,RU,1567825541,60,59.7,150.17,54.15,4.23
444,Presidente Epitacio,3452331,0,BR,1567825541,62,-21.76,-52.12,73.93,9.48
445,Macas,3654541,85,EC,1567825542,95,-2.3,-78.12,43.6,3.76
446,Palmer,2067070,75,AU,1567825542,58,-34.85,139.16,59.0,17.22
447,Samarai,2132606,29,PG,1567825542,59,-10.62,150.67,76.9,11.86
448,Mahibadhoo,1337605,85,MV,1567825543,71,3.78,72.97,83.33,3.83
449,Morondava,1058381,0,MG,1567825543,66,-20.3,44.28,72.92,22.06
450,San Quintin,1688687,37,PH,1567825543,84,17.54,120.52,82.82,17.78
451,Kokkola,651951,40,FI,1567825544,100,63.84,23.13,53.01,2.24
452,Tifton,4226552,1,US,1567825544,73,31.45,-83.51,77.0,4.97
453,Paita,3694112,0,PE,1567825280,91,-5.09,-81.11,62.43,15.23
454,Necochea,3430443,100,AR,1567825544,92,-38.55,-58.74,50.0,4.0
455,Manokwari,1636308,97,ID,1567825545,74,-0.87,134.08,79.6,4.27
456,Adrar,2508813,40,DZ,1567825545,35,27.87,-0.29,84.2,11.41
457,Hofn,2630299,100,IS,1567825385,92,64.25,-15.21,36.81,3.51
458,Ternate,1682474,40,PH,1567825546,70,14.29,120.72,90.0,11.41
459,Sinegorye,2121197,100,RU,1567825546,84,62.09,150.53,38.96,5.28
460,Lakheri,1265246,31,IN,1567825547,76,25.67,76.19,85.36,2.24
461,Manicore,3663503,100,BR,1567825547,96,-5.81,-61.3,73.21,2.37
462,Ngaoundere,2224827,75,CM,1567825547,94,7.32,13.58,64.19,2.48
463,Westport,4845585,90,US,1567825548,87,41.14,-73.36,64.0,18.34
464,Marzuq,72181,95,YE,1567825548,28,14.4,46.47,77.4,3.71
465,Mumbwa,904422,0,ZM,1567825548,61,-14.99,27.06,57.78,12.95
466,Santa catarina de Tepehuanes,3984571,100,MX,1567825548,92,25.34,-105.72,59.04,2.3
467,Saint-Pierre,2995603,0,FR,1567825549,87,48.95,4.24,55.4,3.36
468,Naze,2337542,40,NG,1567825549,94,5.43,7.07,73.4,1.05
469,Nishihara,1850144,40,JP,1567825550,74,35.74,139.53,96.01,5.82
470,Nioki,2311968,90,CD,1567825550,79,-2.72,17.69,75.64,1.95
471,Yanam,1252795,75,IN,1567825551,88,16.73,82.22,80.6,6.93
472,Abalak,2448245,53,NE,1567825551,40,15.46,6.28,88.53,11.1
473,Acari,3390864,0,BR,1567825551,60,-6.44,-36.64,72.94,15.7
474,Moussoro,2427336,100,TD,1567825551,68,13.64,16.49,80.66,5.75
475,Miandrivazo,1059051,0,MG,1567825552,92,-19.53,45.46,63.98,1.07
476,Maniitsoq,3421982,100,GL,1567825552,74,65.42,-52.9,42.02,5.35
477,Ambon,3037899,90,FR,1567825552,100,47.55,-2.56,61.0,3.36
478,Nizhniy Kuranakh,2019135,72,RU,1567825553,76,58.84,125.49,54.63,3.74
479,Sambava,1056899,100,MG,1567825553,76,-14.27,50.17,68.06,3.83
480,Namibe,3347019,92,AO,1567825553,92,-15.19,12.15,66.5,9.42
481,Tiznit,2527089,99,MA,1567825554,90,29.7,-9.73,69.02,5.64
482,Wanaka,2184707,33,NZ,1567825554,44,-44.7,169.14,55.99,1.01
483,Turrialba,3621184,90,CR,1567825555,100,9.91,-83.68,73.0,2.24
484,Alekseyevskaya,582817,100,RU,1567825555,83,45.77,40.15,66.0,7.65
485,Valparaiso,4927537,90,US,1567825545,93,41.47,-87.06,66.2,12.75
486,Sabzevar,118063,0,IR,1567825556,33,36.21,57.68,66.42,0.76
487,Kaseda,1859964,75,JP,1567825556,88,31.42,130.32,80.6,6.93
488,Messina,2524170,75,IT,1567825556,78,38.19,15.55,77.0,8.05
489,Springbok,3361142,0,ZA,1567825556,16,-29.67,17.88,74.45,21.68
490,Himatnagar,1270099,75,IN,1567825557,94,23.6,72.96,82.4,3.36
491,Praia da Vitoria,3372760,75,PT,1567825557,72,38.73,-27.07,68.0,14.67
492,Ahipara,2194098,64,NZ,1567825557,86,-35.17,173.16,62.01,15.93
493,Namatanai,2090021,100,PG,1567825392,80,-3.66,152.44,78.02,19.44
494,Vestmanna,2610343,86,FO,1567825558,75,62.16,-7.17,42.8,4.7
495,Saint Lawrence,2562619,0,MT,1567825558,83,36.06,14.2,75.0,10.29
496,Hambantota,1244926,40,LK,1567825559,94,6.12,81.12,82.4,13.87
497,Cockburn Town,3576994,2,TC,1567825559,80,21.46,-71.14,83.34,13.6
498,Belmonte,8010472,0,PT,1567825559,51,40.36,-7.35,66.0,8.66
499,Lazaro Cardenas,3996234,75,MX,1567825560,73,28.39,-105.62,73.4,5.82
500,Itarare,3460620,66,BR,1567825560,99,-24.11,-49.33,57.99,5.01
501,Zharkent,1520253,84,KZ,1567825560,75,44.17,80.0,40.47,1.77
502,Upata,3625710,100,VE,1567825561,82,8.02,-62.41,81.0,1.01
503,Shingu,1847947,75,JP,1567825561,59,33.72,135.99,89.6,12.75
504,Pacific Grove,5380437,1,US,1567825561,52,36.62,-121.92,72.0,9.17
505,Vao,588365,98,EE,1567825562,92,59.1,26.19,47.52,6.26
506,Antofagasta,3899539,90,CL,1567825562,71,-23.65,-70.4,57.2,8.05
507,Rafai,236524,100,CF,1567825562,97,4.95,23.92,70.01,0.56
508,Bedele,342567,100,ET,1567825563,99,8.46,36.35,57.17,1.28
509,Goroka,2096742,41,PG,1567825563,56,-6.07,145.39,68.4,6.82
510,Redlands,5386754,1,US,1567825564,44,34.06,-117.19,89.6,8.05
511,Saint-Prosper,6137631,100,CA,1567825564,100,46.21,-70.48,53.01,4.9
512,Katubao,1709108,20,PH,1567825564,66,5.89,124.83,86.0,4.7
513,Yuryevets,466258,99,RU,1567825565,91,57.32,43.11,55.71,5.08
514,Te Anau,2181625,62,NZ,1567825529,77,-45.41,167.72,40.41,1.3
515,San Rafael,3836669,51,AR,1567825565,59,-34.61,-68.33,46.73,4.0
516,Charlestown,5221384,90,US,1567825382,82,41.38,-71.64,64.0,19.46
517,Cao Bang,1586185,2,VN,1567825444,59,22.67,106.25,85.99,3.83
518,Lubyany,533793,40,RU,1567825566,100,56.04,51.4,44.6,6.71
519,Taksimo,2015701,100,RU,1567825567,50,56.36,114.84,51.99,4.09
520,San Policarpo,1688696,100,PH,1567825567,63,12.18,125.51,87.75,4.97
521,Ishigaki,1861416,75,JP,1567825301,100,24.34,124.16,78.8,19.46
522,Piacabucu,3454005,17,BR,1567825567,86,-10.41,-36.43,73.46,11.59
523,Yazman,172256,0,SY,1567825568,85,36.74,38.46,66.8,4.43
524,Yemelyanovo,1486031,0,RU,1567825568,70,56.17,92.69,48.2,2.24
525,Meghri,174823,0,AM,1567825569,79,38.9,46.25,55.77,6.91
526,Moron,3720455,100,HT,1567825569,83,18.56,-74.26,81.56,10.69
527,Mbanza-Ngungu,2312888,75,CD,1567825569,82,-5.25,14.87,72.0,5.01
528,Tomatlan,3981391,100,MX,1567825570,80,19.93,-105.25,82.44,7.92
529,Kamakhyanagar,1268279,100,IN,1567825570,89,20.93,85.54,79.56,6.62
530,Ulladulla,2145554,0,AU,1567825570,30,-35.36,150.48,59.0,28.86
531,San Andres,1690438,51,PH,1567825571,63,13.32,122.68,87.3,11.45
532,Taikang,2034600,78,CN,1567825571,60,46.86,124.44,79.2,7.4
533,Boston,4930956,100,US,1567825320,77,42.36,-71.06,64.4,23.04
534,Millau,2993875,0,FR,1567825572,80,44.1,3.08,41.0,3.36
535,Kapurthala,1267911,0,IN,1567825374,73,31.38,75.38,84.59,7.02
536,Nizhniye Sergi,520667,9,RU,1567825572,92,56.66,59.3,46.14,2.46
537,Oranjestad,3577154,20,AW,1567825573,83,12.52,-70.03,84.2,18.34
538,Monrovia,2274895,100,LR,1567825573,90,6.33,-10.8,76.2,5.64
539,Hokitika,2206894,0,NZ,1567825573,57,-42.72,170.96,52.2,8.1
540,Huarmey,3939168,100,PE,1567825573,90,-10.07,-78.15,59.89,15.19
541,Bilibino,2126682,90,RU,1567825574,57,68.06,166.44,48.96,0.74
542,Goderich,5962442,97,CA,1567825574,90,43.74,-81.71,60.01,10.0
543,Nevelsk,2122894,75,RU,1567825574,94,46.67,141.86,69.8,8.95
544,Bintulu,1737486,75,MY,1567825575,83,3.17,113.03,82.4,4.7
545,Lachi,1172513,0,PK,1567825575,66,33.38,71.34,78.36,4.97
546,Dubbo,2168305,40,AU,1567825576,33,-32.25,148.6,59.0,21.92
547,Rocha,3440777,100,UY,1567825466,97,-34.48,-54.34,53.63,8.39
548,Viransehir,298033,0,TR,1567825576,30,37.24,39.76,71.64,3.96
549,Sokolo,2450849,0,ML,1567825576,58,14.74,-6.12,82.52,10.89
550,Griffith,2164422,75,AU,1567825577,54,-34.29,146.06,55.4,20.8
551,Nandigama,1261960,90,IN,1567825577,74,16.78,80.29,84.2,11.12
552,Funadhoo,1337620,91,MV,1567825577,77,6.15,73.27,83.18,11.72
553,Pareora,2181133,6,NZ,1567825577,40,-44.49,171.21,53.01,7.0
554,Topolobampo,3981345,40,MX,1567825578,66,25.6,-109.05,86.0,10.29
555,Yashalta,468776,78,RU,1567825578,65,46.34,42.27,62.72,7.36
556,Nagato,1899102,75,JP,1567825578,74,34.35,131.14,88.0,19.46
557,Terrace Bay,6162951,84,CA,1567825579,98,48.78,-87.1,51.27,2.17
558,Nouadhibou,2377457,0,MR,1567825579,78,20.93,-17.03,71.6,12.75
559,Bergerac,3033391,0,FR,1567825579,87,44.85,0.49,51.01,2.24
560,Miri,2347470,81,NG,1567825579,95,10.31,9.75,69.61,4.52
561,Kearney,5071348,1,US,1567825580,88,40.7,-99.08,69.8,4.7
562,Costinesti,680546,5,RO,1567825580,77,43.95,28.63,70.0,4.7
563,Puerto Leguizamo,3671437,92,CO,1567825581,89,-0.19,-74.78,72.4,1.86
564,Gorontalo,1643837,2,ID,1567825581,62,0.54,123.06,85.41,13.02
565,Naini Tal,1262117,4,IN,1567825581,72,29.4,79.45,82.41,1.57
566,Bull Savanna,3491161,69,JM,1567825582,75,17.89,-77.59,83.18,5.32
567,Bambanglipuro,1650434,68,ID,1567825582,79,-7.95,110.28,76.07,17.29
568,Eureka,5563397,90,US,1567825343,93,40.8,-124.16,61.0,9.17
569,Tongling,1792622,0,CN,1567825582,62,30.93,117.81,80.73,5.14
570,Ponta Delgada,3372783,75,PT,1567825583,68,37.73,-25.67,68.0,11.41
571,Havoysund,779622,100,NO,1567825583,87,71.0,24.66,44.6,28.86
572,Seoul,1835848,75,KR,1567825473,58,37.57,126.98,87.8,11.41
573,Huntsville,4068590,1,US,1567825326,78,34.73,-86.59,79.0,4.7
574,Mehamn,778707,100,NO,1567825584,90,71.03,27.85,43.19,26.42
575,Bonavista,5905393,0,CA,1567825584,84,48.65,-53.11,51.01,3.0
576,Muli,7304020,58,CN,1567825584,56,28.08,109.56,82.52,4.56
577,Roald,3141667,0,NO,1567825585,87,62.58,6.12,48.2,11.41
578,Puerto Ayacucho,3629710,96,CO,1567825585,78,5.66,-67.63,78.92,4.34
579,Juneau,5554072,40,US,1567825585,45,58.3,-134.42,68.0,2.42
580,Walvis Bay,3359638,1,NA,1567825586,87,-22.95,14.51,57.0,8.05
581,Coihaique,3894426,0,CL,1567825456,74,-45.58,-72.07,39.2,2.24
582,Orebro,2686657,100,SE,1567825586,87,59.27,15.21,54.0,9.17
583,Abong Mbang,2236053,99,CM,1567825586,99,3.98,13.18,66.15,1.03
584,Salalah,286621,90,OM,1567825587,100,17.01,54.1,78.8,3.36
585,Warmbad,3305808,100,DE,1567825587,81,50.67,13.08,55.99,1.12
586,Tautira,4033557,75,PF,1567825587,44,-17.73,-149.15,78.8,9.17
587,Imbituba,3461370,75,BR,1567825588,93,-28.24,-48.67,60.8,6.93
588,Kankan,2419992,100,GN,1567825588,98,10.38,-9.3,70.08,3.83
589,Halifax,6324729,90,CA,1567825588,82,44.65,-63.58,60.01,5.82
590,Araouane,2460954,0,ML,1567825589,22,18.9,-3.53,93.1,4.72
591,Talcahuano,3870282,90,CL,1567825589,87,-36.72,-73.12,51.8,3.36
592,Mbigou,2398929,100,GA,1567825589,90,-1.9,11.91,69.95,2.48
593,Ormara,1168700,42,PK,1567825590,73,25.21,64.64,82.16,3.8
594,Solnechnyy,2016307,0,RU,1567825591,53,50.72,136.64,79.13,1.25
595,Fukue,1848373,40,JP,1567825591,58,35.03,136.69,88.0,14.99
596,Pattoki,1168226,0,PK,1567825592,45,31.02,73.85,95.46,12.68
597,Vichuga,473788,46,RU,1567825592,96,57.22,41.92,51.32,3.36
598,Sembakung,1627877,20,ID,1567825592,74,3.82,117.25,87.8,3.36
599,Lhokseumawe,1214658,0,ID,1567825593,68,5.18,97.15,82.41,3.67
600,Luena,3347719,0,AO,1567825593,36,-11.78,19.91,57.78,2.3
601,Creel,4012593,100,MX,1567825593,93,27.75,-107.63,60.14,0.11
602,Choix,4014109,100,MX,1567825595,93,26.71,-108.33,73.53,0.43
603,Terney,2015352,100,RU,1567825595,96,45.05,136.61,64.86,3.11
604,Santa Maria,3462672,0,BR,1567825596,46,-16.02,-48.01,73.4,8.05
605,Atherton,2177541,58,AU,1567825596,51,-17.27,145.48,84.99,9.17
606,Onalaska,5265702,1,US,1567825597,87,43.88,-91.23,63.0,3.31
607,Sukhinichi,486665,0,RU,1567825597,93,54.1,35.35,51.83,3.62
608,Kavarna,730518,5,BG,1567825597,77,43.43,28.33,62.6,4.7
609,Kochi,1273874,75,IN,1567825597,94,9.96,76.25,78.8,4.7
610,Nueve de Julio,3842882,100,AR,1567825598,41,-31.67,-68.39,57.44,16.58
611,Sheboygan,5272893,90,US,1567825411,82,43.75,-87.71,62.6,3.36
612,Sao Miguel do Araguaia,3448455,0,BR,1567825599,23,-13.28,-50.16,74.83,4.38
613,San Juan del Parana,3437062,0,PY,1567825599,64,-27.3,-55.97,75.2,6.93
614,Jalu,86049,0,LY,1567825599,56,29.03,21.55,74.97,5.26
615,San Roque,2511239,0,ES,1567825599,88,36.21,-5.38,75.2,18.34
616,Kapuskasing,5989403,90,CA,1567825580,87,49.42,-82.43,51.8,2.24
617,Ucluelet,6171633,0,CA,1567825532,91,48.94,-125.55,64.0,1.97
618,Gornopravdinsk,1506268,12,RU,1567825600,79,60.06,69.92,50.49,3.89
619,Alta Floresta,6316343,25,BR,1567825601,51,-9.87,-56.08,76.95,0.51
620,Dauriya,2025099,54,RU,1567825601,75,49.93,116.85,67.0,11.77
621,Mandalgovi,2030065,0,MN,1567825601,57,45.76,106.27,55.41,14.99
622,Kirksville,5055787,1,US,1567825528,93,40.19,-92.58,64.4,6.82
623,Yerbogachen,2012956,71,RU,1567825602,60,61.28,108.01,53.66,5.26
624,Tarko-Sale,1490085,35,RU,1567825602,94,64.92,77.78,52.0,8.12
625,Usakos,3352461,0,NA,1567825603,39,-22.0,15.59,57.41,4.18
626,Requena,2511930,75,ES,1567825603,88,39.49,-1.1,71.01,5.82
627,Oyama,1853483,75,JP,1567825603,49,36.31,139.8,97.0,5.82
628,Mount Gambier,2156643,90,AU,1567825536,76,-37.83,140.78,50.0,23.04
629,Dapaong,2367164,100,TG,1567825604,92,10.86,0.2,74.0,7.36
630,Nago,3172402,97,IT,1567825604,82,45.88,10.89,66.2,4.7
631,Davila,1715335,75,PH,1567825605,94,18.47,120.58,80.6,11.41
632,Luang Prabang,1655559,75,LA,1567825605,78,19.89,102.14,82.4,2.24
633,Barcelos,3665098,100,BR,1567825605,81,-0.97,-62.93,76.86,2.1
634,Dobrusevo,791407,75,MK,1567825606,82,41.17,21.48,69.01,9.17
635,Constitucion,4011743,90,MX,1567825606,93,23.99,-104.67,64.99,2.24
636,Chimbote,3698304,100,PE,1567825607,89,-9.08,-78.59,59.96,13.85
637,Marawi,1701054,100,PH,1567825462,78,8.0,124.29,82.0,3.0
638,Imeni Poliny Osipenko,2023584,0,RU,1567825607,59,52.42,136.49,75.91,5.23
639,Sonoita,5313135,90,US,1567825607,39,31.68,-110.66,96.8,11.41
